{
    "metadata":{
        "normals":118,
        "version":3,
        "vertices":107,
        "faces":118,
        "type":"Geometry",
        "uvs":0,
        "materials":1,
        "generator":"io_three",
        "colors":0
    },
    "normals":[0.155497,0.783006,-0.602265,0.098527,0.919057,-0.381612,0.249908,-0.0254144,-0.967936,0.238496,0.299727,-0.923734,0.200837,0.595458,-0.777878,0.435796,0.783006,-0.443828,0.276133,0.919057,-0.281222,0.700395,-0.0254132,-0.713303,0.66841,0.299726,-0.680729,0.562869,0.595458,-0.573243,0.599325,0.783006,-0.166468,0.379749,0.919057,-0.105479,0.963211,-0.0254141,-0.267542,0.919225,0.299726,-0.255324,0.774081,0.595458,-0.215009,0.602265,0.783006,0.155496,0.381612,0.919056,0.0985267,0.967936,-0.0254148,0.249907,0.923734,0.299726,0.238495,0.777878,0.595458,0.200837,0.443828,0.783006,0.435796,0.281222,0.919056,0.276133,0.693579,0.329947,0.640378,0.573243,0.595458,0.562869,0.166469,0.783006,0.599324,0.105479,0.919056,0.379749,0.258612,0.381324,0.887531,0.215009,0.595458,0.774081,0.0337599,0.990839,-0.130758,0.0946159,0.990839,-0.0963599,0.13012,0.990839,-0.036142,0.130758,0.990839,0.0337598,0.09636,0.990839,0.0946161,0.0361422,0.990839,0.13012,-0.0607862,-0.998008,0.016884,-0.0338717,-0.998831,0.034496,-0.00325771,-0.999814,0.0190207,-0.0365684,-0.996453,0.0757897,-0.170277,-0.983617,0.0591899,-0.0610841,-0.998008,-0.0157711,-0.689693,-0.380491,0.616076,-0.298697,-0.335943,-0.893265,-0.121288,-0.219471,0.968051,-0.663252,-0.45761,-0.592191,-0.860405,-0.448721,-0.241562,-0.85585,-0.448721,0.257233,-0.539327,-0.805789,-0.244602,-0.561038,-0.796781,0.224446,-0.106261,-0.844016,0.525685,-0.411175,-0.78533,-0.462808,0.110672,-0.886251,0.44979,-0.500665,-0.815827,-0.289415,0.656085,-0.701026,0.279491,0.353511,-0.915542,0.191867,-0.663143,-0.492683,-0.563475,-0.796441,-0.48907,0.355657,0.13954,-0.891504,0.430985,0.266146,-0.0254128,0.963598,0.710376,-0.025415,0.703363,-0.166469,0.783006,-0.599325,-0.105479,0.919057,-0.379749,-0.267542,-0.0254146,-0.963211,-0.255325,0.299727,-0.919224,-0.215009,0.595458,-0.774081,-0.443828,0.783006,-0.435796,-0.281222,0.919056,-0.276133,-0.713304,-0.0254135,-0.700394,-0.680729,0.299726,-0.66841,-0.573243,0.595458,-0.562869,-0.602265,0.783006,-0.155496,-0.381612,0.919056,-0.0985268,-0.967936,-0.0254124,-0.249907,-0.923734,0.299726,-0.238495,-0.777878,0.595458,-0.200837,-0.599325,0.783006,0.166469,-0.379749,0.919056,0.105479,-0.963211,-0.0254121,0.267542,-0.919225,0.299726,0.255324,-0.774081,0.595458,0.215009,-0.435796,0.783006,0.443828,-0.276133,0.919056,0.281222,-0.681769,0.329946,0.652937,-0.562869,0.595458,0.573243,-0.155496,0.783006,0.602264,-0.0985272,0.919056,0.381612,-0.242361,0.381324,0.892106,-0.200837,0.595458,0.777878,-0.0361421,0.990839,-0.13012,-0.0963598,0.990839,-0.0946159,-0.130758,0.990839,-0.0337598,-0.13012,0.990839,0.0361422,-0.0946162,0.990839,0.09636,-0.0337601,0.990839,0.130758,0.061084,-0.998008,0.015771,0.0344961,-0.998831,0.0338718,0.00363211,-0.999812,0.0190279,0.0379464,-0.996453,0.0751093,0.17133,-0.983617,0.0560702,0.0607858,-0.998008,-0.0168839,0.58827,-0.461152,0.664287,0.282334,-0.335943,-0.898571,0.338693,-0.418169,0.842865,0.652327,-0.457611,-0.604204,0.855851,-0.448721,-0.257233,0.860405,-0.448721,0.241561,0.53477,-0.805789,-0.25441,0.508336,-0.814561,0.279436,0.146596,-0.846032,0.512581,0.402655,-0.78533,-0.47024,0.214663,-0.870952,0.441998,0.495296,-0.815827,-0.29851,0.652743,-0.492684,-0.575491,0.543332,-0.479514,0.689098,-0.162952,-0.871639,0.462268,-0.656085,0.701026,-0.279491,0.796441,0.48907,-0.355657,-0.248505,-0.0254131,0.968297,-0.697414,-0.0254139,0.716218],
    "uvs":[],
    "vertices":[0.159904,2.08709,-0.0718613,0.180465,2.06978,-0.108237,0.198121,2.04225,-0.139474,0.211669,2.00637,-0.163442,0.223274,1.93386,-0.183972,0.223091,1.91974,-0.183649,0.176466,2.08709,-0.0555991,0.21246,2.06978,-0.076821,0.243369,2.04225,-0.0950446,0.267087,2.00637,-0.109028,0.287401,1.93386,-0.121005,0.287081,1.91974,-0.120817,0.182678,2.08709,-0.0332347,0.224461,2.06978,-0.0336163,0.260341,2.04225,-0.0339439,0.287872,2.00637,-0.0341953,0.311454,1.93386,-0.0344107,0.311082,1.91974,-0.0344073,0.176875,2.08709,-0.0107606,0.213251,2.06978,0.00980038,0.244488,2.04225,0.0274565,0.268457,2.00637,0.0410046,0.288987,1.93386,0.0526089,0.288663,1.91974,0.0524261,0.160613,2.08709,0.00580126,0.181835,2.06978,0.0417955,0.200059,2.04225,0.0727045,0.214042,2.00637,0.0964218,0.22602,1.94859,0.116736,0.225831,1.93447,0.116416,0.223575,1.92008,-0.173436,0.283208,1.92008,-0.114882,0.305575,1.92008,-0.034357,0.284682,1.92008,0.0465635,0.226129,1.93381,0.106196,0.194652,1.9894,-0.171206,0.243325,2.00008,-0.101918,0.265576,2.00008,-0.0339917,0.244569,2.00008,0.0343297,0.185931,2.01381,0.0847394,0.17926,2.04769,-0.0807324,0.18558,2.06008,-0.0332612,0.164178,2.06008,-0.00807424,0.13743,2.08709,-0.0776637,0.137049,2.06978,-0.119447,0.136721,2.04225,-0.155326,0.13647,2.00637,-0.182858,0.136254,1.93386,-0.20644,0.136258,1.91974,-0.206068,0.13784,2.09299,-0.0328252,0.115066,2.08709,-0.0714518,0.0938439,2.06978,-0.107446,0.0756203,2.04225,-0.138355,0.0616368,2.00637,-0.162072,0.0496595,1.93386,-0.182387,0.0498482,1.91974,-0.182067,0.0988036,2.08709,-0.0548899,0.0624278,2.06978,-0.0754509,0.0311912,2.04225,-0.0931071,0.00722252,2.00637,-0.106655,-0.0133075,1.93386,-0.118259,-0.012984,1.91974,-0.118077,0.0930011,2.08709,-0.0324158,0.0512183,2.06978,-0.0320343,0.0153385,2.04225,-0.0317067,-0.012193,2.00637,-0.0314552,-0.0357747,1.93386,-0.0312399,-0.0354031,1.91974,-0.0312433,0.0992131,2.08709,-0.0100515,0.0632188,2.06978,0.0111704,0.0323098,2.04225,0.029394,0.00859256,2.00637,0.0433775,-0.0117221,1.93386,0.0553549,-0.011402,1.91974,0.0551661,0.115775,2.08709,0.00621071,0.0952139,2.06978,0.0425865,0.0775578,2.04225,0.0738231,0.0640098,2.00637,0.0977918,0.0524054,1.94859,0.118322,0.0525883,1.93447,0.117998,0.138249,2.08709,0.0120132,0.138631,2.06978,0.0537961,0.138958,2.04225,0.0896758,0.13921,2.00637,0.117207,0.139425,1.95371,0.140789,0.139422,1.93959,0.140417,0.136143,1.91982,-0.194311,0.0495504,1.92008,-0.171847,-0.00900324,1.92008,-0.112214,-0.0298958,1.92008,-0.0312936,-0.00752899,1.92008,0.0492318,0.0521039,1.93381,0.107785,0.139314,1.93858,0.128621,0.125348,1.98156,-0.171806,0.0666962,1.98557,-0.133785,0.0311101,2.00008,-0.0999802,0.0101026,2.00008,-0.0316589,0.0323543,2.00008,0.0362675,0.091903,2.01381,0.085598,0.139084,2.01858,0.103422,0.122984,2.021,-0.0913187,0.125371,2.02625,-0.083738,0.0880533,2.04556,-0.0408775,0.0900992,2.06008,-0.0323893,0.111957,2.06008,-0.00759738,0.138235,2.07381,0.0104578,0.138296,2.07858,0.0171537],
    "materials":[{
        "depthTest":true,
        "shading":"phong",
        "colorEmissive":[0,0,0],
        "DbgIndex":0,
        "DbgColor":15658734,
        "depthWrite":true,
        "blending":1,
        "wireframe":false,
        "opacity":1,
        "colorDiffuse":[0.0685537,0.0638259,0.0697118],
        "doubleSided":false,
        "transparent":false,
        "vertexColors":false,
        "visible":true,
        "colorSpecular":[0.5,0.5,0.5],
        "specularCoef":50,
        "DbgName":"Hat"
    }],
    "colors":[],